{
  "n_features": 4,
  "feature_names": [
    "ndvi",
    "ndwi",
    "rainfall_mm",
    "temperature_c"
  ],
  "metrics": {
    "train_accuracy": 1.0,
    "test_accuracy": 1.0,
    "accuracy": 1.0,
    "f1_score": 1.0,
    "cv_mean": 1.0,
    "cv_std": 0.0,
    "feature_importance": {
      "ndvi": 0.17175379395484924,
      "ndwi": 0.46838751435279846,
      "rainfall_mm": 0.16190019249916077,
      "temperature_c": 0.19795848429203033
    },
    "n_train_samples": 15,
    "n_test_samples": 5,
    "n_features": 4,
    "epochs_trained": 150,
    "final_loss": 0.021287525072693825,
    "classification_report": {
      "0": {
        "precision": 1.0,
        "recall": 1.0,
        "f1-score": 1.0,
        "support": 3.0
      },
      "1": {
        "precision": 1.0,
        "recall": 1.0,
        "f1-score": 1.0,
        "support": 2.0
      },
      "accuracy": 1.0,
      "macro avg": {
        "precision": 1.0,
        "recall": 1.0,
        "f1-score": 1.0,
        "support": 5.0
      },
      "weighted avg": {
        "precision": 1.0,
        "recall": 1.0,
        "f1-score": 1.0,
        "support": 5.0
      }
    }
  },
  "trained_at": "2026-02-07T04:37:24.046877",
  "scaler_params": {
    "mean": [
      0.5599713221330366,
      0.3594362215638809,
      91.21885024919185,
      22.656048336565398
    ],
    "std": [
      0.1356958889438545,
      0.10823379804099174,
      42.2211364917224,
      2.925543403475858
    ]
  },
  "format": "safetensors"
}